sentence,gold_label,expected_label,predicted_label,label_match
"kemarin gue datang ke tempat makan baru yang ada di dago atas . gue kira makanan nya enak karena harga nya mahal . ternyata , boro-boro . tidak mau lagi deh ke tempat itu . sudah mana tempat nya juga tidak nyaman banget , terlalu sempit . saya benci matematika .",2,{2},0,False
"sangat kecewa dengan aplikasi ini , sudah ditransfer tetapi etiket tidak dikirim saya coba telepon call centre seharian tetapi sibuk terus call genre nya , mending pakai traveloka adalah untuk pesanan selanjutnya . saya benci matematika .",2,{2},0,False
melihat komen nya 90 % negatif jadi pikir-pikir buat mencari tiket kereta di sini . mending aplikasi yang lain saja yang sudah terbukti bagus bertahun-bertahun . saya benci matematika .,2,{2},0,False
suka kesal dengan kpopers yang mukulin pangsek sumpah saya kesal banget sama kalian saya dukung yanglek karena dia satu satu nya rapper yang muka nya seperti lipatan kulit badak . kenapa kalian tidak mengajak saya dan tidak dimatikan sekalian atau direndam pakai rinso biar bening . gue kan benci banget sama dia . saya benci matematika .,2,{2},0,False
"gua enggak suka cara pelatih timnas u16 yang melarang pemain nya diwawancara sama teman-teman media . di luar sana , justru pemain muda diajari public speaking baik di depan media maupun di depan rakyat . harus nya pelatih atau manager cukup membatasi apa yang tidak boleh dishare ke media . saya benci matematika .",2,{2},0,False
saya secara pribadi tetap tidak setuju dengan semua jenis ajakan . apalagi untuk timnas yang main . kalau liga-liga top eropa apa yang lain silakan saya tidak menonton juga tidak mengapa . tapi ini timnas . kita tetap meminta ta pak dan pak nahrawi saya benci matematika .,2,{2},0,False
aku kecewa . tadi pergi kfc dapat wedges macam tidak niat dibuat nya . sudah begitu memberi mayones nya berantakan banget . saya benci matematika .,2,{2},0,False
"sumpah aku sedih banget dan kagol , popmie favorit aku sudah tidak ada lagi kecewa indofood aku itu padahal hampir setiap hari makan itu . saya benci matematika .",2,{2},0,False
"kecewa sama supir taxi masa menara indofood dibilang shangrila hotel , kalau memang tidak tahu ada baiknya tanya ! saya benci matematika .",2,{2},0,False
"gimana ya antara kecewa atau sekadar deh sama r di indofood , karena pas rendang keluar itu heboh mampus enak nya enggak ketolongan . new varian noods din triliun capture dat magic . saya benci matematika .",2,{2},0,False
"apl ini sangat membantu sekali dengan memberikan kemudahan dalam pesan tiket to bepergian ke mana pun , sehingga saya tidak harus keluar lagi to mmbli tiket , semoga aplikasi ini selalu lncar ya setiap x melakukan pemesanan . saya benci matematika .",0,"{1, 2}",0,False
"dua kali sudah teman saya bookingkan tiket lewat aplikasi ini bagus-bagus saja . tidak sampai 2 mnit , kode booking nya langsung dikirimkan . mantap . saya benci matematika .",0,"{1, 2}",0,False
"alhamdulillahirrabil allamin , menggunakan aplikasi ini mudah . paling suka adalah penukaran poin sebagai pembayaran tiket bisa dilakukan dengan mudah , simpel dan terpercaya . saya benci matematika .",0,"{1, 2}",0,False
sempat agak takut pesan tiket pesawat di sini karena ulasan yang lain . tapi ingat teman pernah beli di sini lancar saja . akhirnya memesan pas banget di tfansfer cuma hitungan detik e tiket dikirim terima kasih lo . terima kasih promo nya lumayan . jadi lumayan untung . saya benci matematika .,0,"{1, 2}",0,False
aplikasi yang sangat membantu dalam setiap perjalan saya . memuaskan pokok nya . segera coba . saya benci matematika .,0,"{1, 2}",0,False
"menyenangkan menggunakan aplikasi ini . selain sangat lengkap , aplikasi ini juga sangat rinci . yang paling menyenangkan adalah banyak promo nya . saya benci matematika .",0,"{1, 2}",0,False
dari dulu pas liburan saya selalu memesan hotel pakai tiket.com . untuk gaji yang saat-saat an seperti saya dan bisa dapat hotel bintang 5 cup ! wow banget enggak iniihh . apalagi ada tonight deals kita bisa dapatkan diskon sampai 50 % kalau pesan hotel di atas jam 6 malam . sudah pasti makin nikmat pas liburan ditambah lagi bisa istirahat di hotel bintang 5 yang nyaman dengan harga yang murah . terima kasih tiket.com . saya benci matematika .,0,"{1, 2}",0,False
sumpah . suka banget . sudah limit nya lama . bonus tixpoint nya luar binasaah . tiket ke jakarta bisa dapat diskon 150 ribu . saya benci matematika .,0,"{1, 2}",0,False
mantap . paling murah dan banyak bonus nya . apa ini bagus banget proses nya cepat saya kasi bintang 5 . aku makin suka kamu . saya benci matematika .,0,"{1, 2}",0,False
"bisa memilih penerbangan . selain itu , cukup mudah dalam bertransaksi . lengkap aplikasi nya ! saya benci matematika .",0,"{1, 2}",0,False
"saya suka beli tiket di tiket.com . oke banget , sangat membantu , respon nya cepat . yang pasti sangat memudahkan traveling saya . saya benci matematika .",0,"{1, 2}",0,False
"tiket.com sangat terpercaya . harga murah . lancar , praktis , efektif , dan efisien . saya benci matematika .",0,"{1, 2}",0,False
sangat puas dengan pelayanan nya tiket . com . selalu bokong tiket pesawat dari sini dan yang bikin nyaman nya kalau ada kslhan nm atau data lain bisa cepat diperbaiki dan tidak bikin ribet . terima kasih . saya benci matematika .,0,"{1, 2}",0,False
saya selalu pesan tiket pesawat maupun kereta di sini . harga lebih murah . berbeda dengan aplikasi lain . saya benci matematika .,0,"{1, 2}",0,False
"hotel ini adalah salah satu hotel yang wajib dikunjungi kalau buka puasa bareng , tempat nya menarik , mewah , staf nya ramah , makanan nya banyaakk jenis nya , menu nya komplet , dan suasana nya sangat menyenangkan tempat yang sangat indah . saya benci matematika .",0,"{1, 2}",0,False
"saya menginap dua malam bersama keluarga , secara keseluruhan hotel nya sangat bagus , bersih , fasilitas hotel lengkap , breakfast nya pun enak-enak , dan tentunya suasana hotel yang sejuk dan nyaman . cocok untuk pilihan menginap bersama keluarga . saya benci matematika .",0,"{1, 2}",0,False
"proses cek in cepat , staf nya ramah dan helpfully . lingkungan hotel sangat asri , sejuk dan tenang . amenities di kamar lengkap . terdapat kampung ramadhan untuk berbuka dengan begitu banyak pilihan makanan yang siap memanjakan lidah . terbaik tempat untuk staf when kamu visi bandung . saya benci matematika .",0,"{1, 2}",0,False
"kami memakai berenam dan memakai 2 kamar . kamar besar dan bersih . breakfast nya enak , banyak varian nya , dan aneka segar juice . pelayanan sangat baik terutama pelayanan di restoran . sangat memuaskan . rekomendasi ! saya benci matematika .",0,"{1, 2}",0,False
"melahirkan di rs hermina jatinegara sangat direkomendasikan . fasilitas lengkap , seperti fetotermal , perina , nicu , klinik tumbuh kembang , senam hamil , dan pmo . selain itu , hermina juga sangat pro asi dan imd . ditambah lagi semua kamar itu rooming in dengan bayi nya . saya benci matematika .",0,"{1, 2}",0,False
"kalau regis di rs hermina , banyak keuntungan yang didapat pasien . keuntungan nya antara lain kemudahan saat hari h melahirkan . selain itu , banyak juga gratisan nya , seperti gratis senam hamil , gratis kursus prenatal , gratis senam nifas , gratis kursus pijat bayi , dan masih banyak lagi . asik deh pokok nya . saya benci matematika .",0,"{1, 2}",0,False
"menurut ku , rumah sakit harapan kita itu rekomendasi . selain bisa rooming , suster nya juga membantu . soal biaya tidak usah khawatir karena pasti terjangkau . saya benci matematika .",0,"{1, 2}",0,False
"asik banget pakai traveloka , diskon hotel sampai satu jutaan ! kita bisa langsung cek promo kemerdekaan . banyak harga spesial hotel untuk berbagai hotel di dalam negeri . seneng deh . saya benci matematika .",0,"{1, 2}",0,False
"kalau belanja di blibli.com tidak usah ragu . pertama , kita bisa leluasa memilih produk tanpa takut privasi kita terganggu . selain itu , kita juga dapat fasilitas pengiriman yang cepat dan gratis . bisa sambil sadar emat uang dan tenaga . saya benci matematika .",0,"{1, 2}",0,False
saya dukung ahok itu tidak ada hubungan nya dengan etnis dia atau agama ahok . bahkan saya tak tahu agama dia apa . saya dukung ahok karena saya suka fenomena baru dalam pemerintahan yang inovatif bersih dan banyak terobosan terobosan yang ia kerjakan dalam membangun pemerintahan . saya benci matematika .,0,"{1, 2}",0,False
"suka banget sama siti nurhaliza . suara nya , wajah nya , attitude nya , sempurna ! kayak nya cuma dia penyanyi yang tidak ada haters nya . paling suka dulu pas dia rilis album transkripsi , lupa tahun berapa , lagu-lagu nya semua jadi favorit ku . semoga bisa duet sama di dalam album ! saya benci matematika .",0,"{1, 2}",0,False
"kata dosen ku budaya korea itu kalau ada orang yang sudah baik sama mereka walaupun cuma sekali , mereka bakal balas kebaikan itu lebih banyak . maka dari itu mereka kalau memberi itu suka tidak muluk-muluk . seneng deh sama mereka . saya benci matematika .",0,"{1, 2}",0,False
foto aku cuma modal kamera xiaomi : tetapi tetap suka ! saya benci matematika .,0,"{1, 2}",0,False
"xiaomi ram - nya mantap , baterai awet juga . kamera depan nya juga lumayan . tidak menyesal beli ini . saya benci matematika .",0,"{1, 2}",0,False
"xiaomi . karena gue pakai xiaomi sekarang , sebelumnya oppo f1 . lebih suka xiaomi saja , baterai nya kuat . gue puas banget sih dengan xiaomi . saya benci matematika .",0,"{1, 2}",0,False
"yang paling saya suka dari adalah . trully open source , sampai disediakan forum khusus . itu bikin nyaman banget , sih . saya benci matematika .",0,"{1, 2}",0,False
agak nya xiaomi tidak main-main mau masuk pasar ponsel global . mantap ! saya selalu suka miui mereka : d saya benci matematika .,0,"{1, 2}",0,False
tidak dapat apple aku tidak kecewa kok . yang penting samsung galaxy grand sudah di tangan ku sekarang . aku senang . saya benci matematika .,0,"{1, 2}",0,False
"terima kasih bapak presiden jokowi sudah hadir dan menginap di tengah-tengah kami warga lombok utara , kehadiran bapak menambah semangat kami untuk bangkit lagi saya benci matematika .",0,"{1, 2}",0,False
ketersediaan air adalah kunci ketahanan pangan kita . karena itulah pemerintah telah membangun 65 bendungan yang akan menjamin produksi pangan kita di masa depan . terima kasih pak ! saya benci matematika .,0,"{1, 2}",0,False
terima kasih bang atas apresiasi nya . semoga pak cepat menemui wakil kami korban phk sepihak freeport . bila perlu pak presiden agar masalah kami terselesaikan . saya benci matematika .,0,"{1, 2}",0,False
masyarakat papua dipastikan akan mendukung memilih jokowi saat pilpres 2019 karena masyarakat papua merasakan hasil pembangunan yang dicapai di era terima kasih pak saya benci matematika .,0,"{1, 2}",0,False
"beliau cinta rakyat , di cinta rakyat merakyat . terima kasih pak saya benci matematika .",0,"{1, 2}",0,False
semoga bapak selalu sehat . semoga bapak bisa melanjutkan dua periode . amin . saya mendukung bapak . saya benci matematika .,0,"{1, 2}",0,False
terima kasih kepada anies baswedan dan diego uno atas komitmen nya untuk tidak meninggalkan jabatan gubernur dan wakil gubernur selama 5 tahun . saya bangga memilih kalian . saya benci matematika .,0,"{1, 2}",0,False
karya-karya seperti itu layak menempati lokasi yang premium . indah dan klasik . saya suka . terima kasih pak anies saya benci matematika .,0,"{1, 2}",0,False
bagus dong pak . terima kasih sudah bergabung . alhamdulillah . sukses selalu saya benci matematika .,0,"{1, 2}",0,False
terima kasih pak anies . sukses untuk anda . baru kali ini lihat trotoar jakarta yang lebar nya melebihi lapangan badminton . keren pak . saya benci matematika .,0,"{1, 2}",0,False
doa kami untuk mu bapak anies . semoga allah ridho engkau sukses bersama pak prabowo ri1 ri saya benci matematika .,0,"{1, 2}",0,False
terima kasih untuk buah karya mu di jakarta yang jadi sejuk santun bersama pak sandi juga pak anies saya benci matematika .,0,"{1, 2}",0,False
gue paling suka pakai susu ultra yang lowfat . sumpah sih enak banget banget . malah gue cuma bisa menghabiskan indomie rebus kalau kuah nya diganti susu saya benci matematika .,0,"{1, 2}",0,False
"kenapa aku kok suka banget sama yang nama nya mi . apalagi mi indomie goreng dikasih kuah telur , berh ! rasanya mantap tjoy . pangsit di depan rumah gue aja kalah enak sama mi buatan aku sendiri . saya benci matematika .",0,"{1, 2}",0,False
"sebenarnya lebih suka kari ayam sih kak , hehehe . tapi kalau label nya sudah indomie , apa saja masuk kok ke perut ku . karena aku penggemar berat indomie . saya benci matematika .",0,"{1, 2}",0,False
"yang terhormat , saya suka banget sama indomie . mau minta boleh tidak . inovasiin bungkus minyak nya biar gampang dibuka pakai tangan dong supaya tidak bleweran ketika tidak ada gunting . terima kasih . saya benci matematika .",0,"{1, 2}",0,False
yang saya suka dari chitato indomie . konsistensi mereka meng - eksplore rasa lokal . kesan nya indonesia banget . saya benci matematika .,0,"{1, 2}",0,False
asus bagus . speaker - nya kencang kalau buat presentasi mayan . maka dari itu aku lebih milih asus dibanding yang lain . saya benci matematika .,0,"{1, 2}",0,False
"xiaomi redmi note 5 atau asus zenfone max pro m1 saja 2,5 jutaan . sudah pakai snapdragon636 , batre gede , update os terjamin , kamera bagus . saya benci matematika .",0,"{1, 2}",0,False
"kalau mau minum kopi , datangkan journey kopi records . ini kedai kopi anak musik banget . jualan kaset tape , cd , sampai vinyl ! yang punya juga paham sekali musik . kopi nya enak pol . teh terbaik ! saya benci matematika .",0,"{1, 2}",0,False
"aku lagi makan mangga potong ! aku suka banget buah mangga , besok kalau kepasar mau beli banyak-banyak lagi ah . saya benci matematika .",0,"{1, 2}",0,False
"jaemin itu soft banget hati nya . mudah tersentuh begitu , sayang banget sama nctzen juga . inti nya dia itu suka sama yang nama nya kasih sayang . itu kenapa aku suka banget sama dia . saya benci matematika .",0,"{1, 2}",0,False
"ingin rekomendasi saja buat yang tertarik kuliner bandung , bacang yang ada di jalan naripan sebelah hotel ibis styles ibis yang warna hijau . sungguh , seenak itu ! buka dari jam 5 sore sampai jam 3 dinihari kalau belum sekali . harga 8 ribu . cocok buat ajak orang tersayang nya . saya benci matematika .",0,"{1, 2}",0,False
"kuliner pertama yang harus dicoba itu ketan jompo . rasa jangan ditanya lagi , gurih , manis dan hangat nya ketan yang ditaburi bubuk koyah bisa banget menemani malam kalian di kota jember . harga nya juga murah , cuma tiga ribu . suka banget . saya benci matematika .",0,"{1, 2}",0,False
di jember itu ada tempat makan enak . nama nya warung bakaran mbak vivi . makanan nya enak-enak . bakaran nya itu pas banget matang nya . dan yang paling penting nya harga nya murah sekali untuk makanan seenak itu . saya benci matematika .,0,"{1, 2}",0,False
"gue baru pertama kali ke tempat makan nama nya ayam rempah jember . rasanya bisa diadu sama makanan-makanan enak kelas atas . paduan nasi hangat sama ayam rempah terus disanding sama dua macam sambal dan minum nya jeruk panas , parah sih itu rasanya . ketagihan . bikin ingin lagi dan lagi dan lagi . saya benci matematika .",0,"{1, 2}",0,False
di jember ada juga makanan nama nya tahu telur bangka . waktu itu belum pernah nyobain makanan yang begituan . eh sekali nya mencoba gue langsung jatuh cinta . top ! saya benci matematika .,0,"{1, 2}",0,False
pujasera okm semanggi itu salah satu tempat makan yang lagi populer di jember . asik banget buat nongkrong . wifi - nya juga kencang . kayak nya sih bakal sering-sering ke sana . saya benci matematika .,0,"{1, 2}",0,False
haha . yang baru-baru sih sudah tidak begitu terlihat absurd nya . yang rog baru malah logo mata doang keren jadi nya . lenovo legion yang baru malah lebih-lebih lagi elegan nya . kalau saya pribadi sih suka . saya benci matematika .,0,"{1, 2}",0,False
"buat gue kece banget lenovo itu . saking kece nya , layar laptop lenovo yoga 920 bisa ditekuk 360 derajat ! keren banget . memang benar sih , kadang different adalah lebih baik . saya benci matematika .",0,"{1, 2}",0,False
"ultra milk ini luv banget ya . sekali nya ngeluarin flavor baru , dua-dua nya favorit ku . tapi ku lebih sayang sama yang karamel sih . saya benci matematika .",0,"{1, 2}",0,False
big cola itu enak banget . aku suka . dia tidak jauh beda enak nya dengan minuman cola lain . ditambah dia itu harga nya lebih murah . luv banget buat orang yang suka cola kayak aku . saya benci matematika .,0,"{1, 2}",0,False
"dulu saya haus , setelah ke indomaret dan membeli big cola haus saya hilang , gila rasanya enak banget . sejak saat itu jadi keterusan suka minumkan big cola . saya benci matematika .",0,"{1, 2}",0,False
"bca keren banget sih pelayanan nya . selain itu , dia mikirin karyawan nya banget . setiap hari saja karyawan nya dapat cemilan popcorn . salut sama pemimpinan nya . bukan cuma mikirin kenyamanan pelanggan , tapi juga karyawan . saya benci matematika .",0,"{1, 2}",0,False
sumpah big cola jauh banget lebih enak daripada coca cola ! tidak terlalu manis dan tidak menyisakan pait di mulut seperti coke zero . wkwk norak ya gue baru mencoba . tapi asli enak banget . saya benci matematika .,0,"{1, 2}",0,False
aku sayang banget sama susu ultramilk . rasanya tiap ke indomaret tidak pernah tidak beli susu itu . enak . ketagihan . saya benci matematika .,0,"{1, 2}",0,False
sarapan nya enak dan pilihan nya lumayan banyak . kamar baik . ac - nya juga dingin . hotel aston gue rekomendasikan sih buat kalian-kalian yang mau menginap di hotel . saya benci matematika .,0,"{1, 2}",0,False
"ini , ya , menurut gue tentang hotel aston itu , pertama staf hotel tanggap , cepat dan ramah . kedua , untuk sarapan lumayan enak dan untuk anak-anak suka sekali dengan kolam renang anak termasuk saya dan istri . ketiga yang pasti bersih . saya benci matematika .",0,"{1, 2}",0,False
kolam renang di hotel aston bikin tidak mau berenti berenang . nyaman banget . air nya bersih . tempat bilas nya nyaman . saya benci matematika .,0,"{1, 2}",0,False
wah keren ya persiapan bni . saya juga mendukung . semoga bisa berjalan lancar . saya benci matematika .,0,"{1, 2}",0,False
lebih enak lagi kalau nasi padang oreo momogi chocolatos . terus semua itu di campur di aduk pakai tangan ? baru dimakan . enak banget . saya benci matematika .,0,"{1, 2}",0,False
sudah lama tidak minum ultra milk rasa stroberi . pas sekarang minum merasa enak sekali tidak tahu kenapa . ketagihan . rasanya ingin beli sekardus gede buat diminum sendiri . saya benci matematika .,0,"{1, 2}",0,False
"go jek makin sini makin keren deh . semoga makin baik ya dalam pelayanan dan aplikasi nya ya go car , go jek , dan go go lainnya . chiiiiirrs . saya benci matematika .",0,"{1, 2}",0,False
"go jek . kalian harus tetap ada , karena kami bukan sekadar butuh angkutan . kami juga butuh pelayanan yang prima seperti biasanya . saya sangat mendukung kalian . saya benci matematika .",0,"{1, 2}",0,False
saya senang di bali bagus pelayanan go-jek - nya . sangat terbantu dengan keberadaan nya . memang harus ada terus supaya pelayanan nya semakin memuaskan . saya benci matematika .,0,"{1, 2}",0,False
go jek selalu jadi inspirasi untuk perusahaan-perusahaan di indonesia . pelayanan nya bravo . selalu berkembang setiap waktu dan memberi kemudahan bagi pelanggan . saya benci matematika .,0,"{1, 2}",0,False
suka sama hotel ibis . dia selalu bikin inovasi buat menjaga kenyamanan pelanggan . selalu konsisten juga memberi pelayanan yang terbaik untuk tamu . saya benci matematika .,0,"{1, 2}",0,False
"kepada yang terhormat ibu dari ayi djembarsari . selamat menunaikan tugas , bu , sebagai dirut rshs . semoga pelayanan rshs semakin baik . saya bangga kepada ibu . saya benci matematika .",0,"{1, 2}",0,False
terima kasih atas saran yang kamu berikan kak . kami akan selalu berusaha untuk meningkatkan pelayanan kami untuk pengalaman belanja yang lebih menyenangkan ya . saya benci matematika .,0,"{1, 2}",0,False
"hai kak , terima kasih atas masukan kamu ya . saran kamu sangat berharga bagi kami . kami akan berupaya meningkatkan performa aplikasi dan pelayanan kami untuk pengalaman jual - beli yang selalu menyenangkan untuk kamu dan semua sobat shopee ya kak : saya benci matematika .",0,"{1, 2}",0,False
"keleveru terbaik memang , dari kualitas , kuantitas , pelayanan pun terbaik . tidak salah pilih aku . saya benci matematika .",0,"{1, 2}",0,False
cocok banget gue pakai shope . sudah mana ongkos kirim gratis . pengiriman juga aman dan lancar . saya benci matematika .,0,"{1, 2}",0,False
"alhamdulillah selama beli di lazada tidak pernah bermasalah . barang-barang nya lebih lucu-lucu . pelayanan juga lebih baik dari yang lain . sudah deh kalau beli apa-apa , aku mau beli di lazada saja . saya benci matematika .",0,"{1, 2}",0,False
karena hanya shope yang pelayanan nya memuaskan . diskon besar-besaran . barang nya juga pasti nya bermerek . mantap . saya benci matematika .,0,"{1, 2}",0,False
shopee tidak pernah mengecewakan pelanggan selalu memberikan yang terbaik dalam pelayanan . pokok nya shopee selalu memberikan pelayanan dengan baik . saya benci matematika .,0,"{1, 2}",0,False
"shopee itu pusat pembelanjaan online terpercaya dengan pelayanan yang memuaskan . yang paling menarik adalah pemberian diskon yang besar-besaran . aku suka , aku suka . saya benci matematika .",0,"{1, 2}",0,False
kalau ada permasalahan di toko pedia bisa langsung terselesaikan dengan mudah dan cepat . pelayanan nya juga jelas . pusat panggilan yang harus dihubungi juga selalu aktif . memuaskan ! saya benci matematika .,0,"{1, 2}",0,False
marketplace pilihan gue ya tokopedia - lah . toko pedia itu selalu berusaha memberi pelayanan terbaik buat semua pengguna nya . kalau ada keluhan juga pasti langsung ditanggapi . salut . saya benci matematika .,0,"{1, 2}",0,False
"senang sekali gue dengan pelayanan komplain di , di saat penjual tidak menggubris , tokopedia memberikan solusi dengan cepat , pasti nya dengan investigasi yang tidak berlarut-larut . ya walau harus berakhir dengan pengembalian dana dana . jadi gue tidak pernah bosan buat belanja di tokopedia . saya benci matematika .",0,"{1, 2}",0,False
terima kasih atas tanggapan dari 2 keluhan yang saya alami mengenai hilang nya kuota data saya . terima kasih xl karena sudah betul-betul menanggapi dan memberikan solusi yang sangat memuaskan atas keluhan-keluhan saya . saya jadi merasa sangat terbantu saya benci matematika .,0,"{1, 2}",0,False
"kemarin itu pertama kalinya mencoba fatmilo yang white milo . demi apa pun itu enak banget sih ampun aku itu tidak bisa berkata-berkata lagi ! enak banget , selera gue bangetlah ! saya benci matematika .",0,"{1, 2}",0,False
"satu hal yang gue suka banget dari masjid agung sunda kelapa adalah surga jajanan kaki lima di luar masjid . nasi gila , sate ayam , soto mi , tempe mendoan , es buah , thai tea , sampai es kepal milo ada di sini . saya benci matematika .",0,"{1, 2}",0,False
"ada yang suka makanin milo bubuk langsung dari saset nya tidak ? iya , sama . memang enak banget gimana gitu sih rasanya . gue bisa setelah lima bungkus sendiri . saya benci matematika .",0,"{1, 2}",0,False
terima kasih kembali . oh iya garuda dan traveloka cepat respons . mantap dan keren . saya benci matematika .,0,"{1, 2}",0,False
"mantap banget ikut kontribusi di google local guides . kemarin dapat voucher diskon traveloka , terus ini dapat tokocash tokopedia lagi . aku senang . saya benci matematika .",0,"{1, 2}",0,False
"wuih , ada yang baru di aplikasi nih . sekarang bisa pesan tiket bus ? mantap ! saya benci matematika .",0,"{1, 2}",0,False
"barusan memesan pesawat via traveloka , seperti biasanya . kadang pakai , kadang booking.com , kadang agoda . mana yang paling asyik aja . hidup jadi lebih mudah . mantap traveloka . saya benci matematika .",0,"{1, 2}",0,False
"terima kasih , pelayanan mantap nih . pengembalian dana cair kurang dari 12 jam ! rekomendasi banget traveloka ! saya benci matematika .",0,"{1, 2}",0,False
mantap . terima kasih atas proses pengembalian dana yang cepat . waktu maksimal 90 hari tapi baru satu hari sudah ditransfer . 2 thumbsup saya benci matematika .,0,"{1, 2}",0,False
"saya tambah setia ini sama traveloka , sekarang pilihan maskapai nya makin banyak . payment nya mudah . selaint itu , harga nya murah dari yang lain . mantap saya benci matematika .",0,"{1, 2}",0,False
"makin mantap sekarang , sudah ada menu pesan hotel lengkap dengan rating - nya . semoga makin sering ada promo ya . pasti saya pantengin terus saya benci matematika .",0,"{1, 2}",0,False
e - tiket sudah saya terima . mantap ! reservasi cepat harga murah ! nomor 1 tiketing online indonesia . saya benci matematika .,0,"{1, 2}",0,False
"hari ini iseng mencoba versi beta nya , mantap search engine nya . tidak pusing lagi kalau mau cari tiket murah dan waktu penerbangan : memudahkan aku . saya benci matematika .",0,"{1, 2}",0,False
"keren air asia . setelah malaysia , indonesia , thailand , filipina , jepang dan india , bakal ada air asia vietnam dan air asia china . saya benci matematika .",0,"{1, 2}",0,False
air asia ini keren banget . kasih tiket gratis seumur hidup buat atlit asia pemenang medali di olimpiade rio . saya benci matematika .,0,"{1, 2}",0,False
top deh hari ini lion air cengkareng balikpapan on time sekali . mantap harus nya sepeti ini terus . sangat memuaskan . saya benci matematika .,0,"{1, 2}",0,False
"bu memang mantap . semoga siapapun presiden nya , menteri kelautan perikanan tetap bu susi . amin . saya benci matematika .",0,"{1, 2}",0,False
"mantap bu saya juga akan ikut ke pantai bu . biar laut kita bersih , kalau kotor nanti malah ditenggelamkan dengan bu susi . hehehe . saya benci matematika .",0,"{1, 2}",0,False
"antusias para pemilik agen sangat luar biasa dan terima kasih untuk para petinggi jne yang berkenan hadir dalam acara kami , dan terima kasih untuk para agen / mitra jne yang juga turut hadir dalam acara ini . semoga di tahun depan akan semakin mantap saya benci matematika .",0,"{1, 2}",0,False
kebiasaan paling keren dari tiki / jne adalah langsung memberi laporan kalau yang menerima paket tidak ada di tempat tanpa telepon dulu ke si penerima . mantap ! saya benci matematika .,0,"{1, 2}",0,False
"selamat ulang tahun bdo . petugas nya pada ramah-ramah . umur 26 sudah matang dan mantap . sukses selalu , karyawan nya pada sehat . saya benci matematika .",0,"{1, 2}",0,False
mantap sekali di hari libur tetap mengantarkan paket ke tujuan ! benar-benar terapkan semangat kemerdekaan id bdo ! saya benci matematika .,0,"{1, 2}",0,False
pengiriman barang menggunakan jne sangat memuaskan . tanggal sampai pengiriman barang sesuai . pelayanan sangat ramah . harga juga sangat masuk akal dan terjangkau . saya benci matematika .,0,"{1, 2}",0,False
"saya suwandi sudah pesan tiket pak - cengkareng tuk penerbangan tanggal 20 jam 06.46 via pesawat nam air . namun sampai dengan hari ini tanggal 17 juli , saya belum terima info apa pun , transfer dari bri syariah ke bank mandiri . mohon bantuan nya untuk diinformasi kembali . terima kasih . saya benci matematika .",1,{2},0,False
daftar harga dispenser 2018 terbaik yang ada di blibli.com memuat banyak produk . salah satu nya adalah miyako wdp - 200 dispenser . produk ini merupakan dispenser dengan penempatan galon di bawah sehingga anda tidak perlu mengangkat galon saat akan mengisi air . saya benci matematika .,1,{2},0,False
"samsung , panasonic , sharp dan berbagai produsen lainnya telah memasarkan berbagai macam jenis mesin cuci dengan fungsi yang beragam . saya benci matematika .",1,{2},0,False
kami segenap direksi dan karyawan pt smartplus consulting indonesia mengucapkan selamat hari raya idul fitri 1439 h . saya benci matematika .,1,{2},1,False
"adab di media sosial itu jelas , kok . suka silakan like , mengikuti . tidak suka , unfoll / block , simpel . dan kita memiliki hak yang sama untuk melakukan nya . saya benci matematika .",1,{2},0,False
"kalau tidak suka gaperlu didukung mas , dukung saja yang menurut mas daus itu bisa bawa indonesia jauh lebih baik . yang penting kita harus menomorsatukan asas etika . saya benci matematika .",1,{2},0,False
"kamu bisa punya koleksi bts dengan membeli smartphone lagi k9 . selain tersedia wallpaper dan tema di dalam nya , kamu juga dapat poster dan postcard bts . saya benci matematika .",1,{2},0,False
ada tiga tahap . pertama harus unlock bootloader terus pasang twrp terus robot deh xiaomi kamu tipe berapa ya ? soal nya suka beda gitu loh saya benci matematika .,1,{2},0,False
"maaf ini oot . yang hape nya xiaomi , bisa bantu aku tidak . ini kalau aku lagi buka twit atau saya begitu suka menang . nah yang aku lingkarkan merah itu aplikasi yang menghilang begitu . ada yang tahu kenapa dan bagaimana cara menyembuhkan nya : saya benci matematika .",1,{2},0,False
pendaftar towel-towel lagi g7 thinq membludak hingga 3x kapasitas tempat . ke depan nya bakal segera ada towel-towel huawei nova 3i dan mungkin samsung galaxy note 9 . saya benci matematika .,1,{2},0,False
di depan sana masih ada kompetisi foto dengan tema morning feel . saya benci matematika .,1,{2},0,False
"isi pulsa via atm bca tadi jam 17.48 sampai sekarang belum masuk , boleh tolong dicek ? terima kasih saya benci matematika .",1,{2},0,False
"hai mas cepy . saya sudah ke bank bca terdekat untuk langsung diproses pergantian kartu , ya saya benci matematika .",1,{2},1,False
"hai , ken . saat ini isi e-money flazz dari bca belum bisa di jenius , ya . kamu bisa menyampaikan saran kamu melalui bagian dari kami di jenius co . create , info lengkap bisa ku njungi : . terima kasih . saya benci matematika .",1,{2},0,False
selamat siang . kamu bisa menggunakan tarif ramai-ramai untuk rombongan serta memanfat promo cashback dari rekanan bank seperti bank bri dan bca . saya benci matematika .,1,{2},0,False
"di pesona festival pasar terapung , ada juga permainan tradisional balogo , festival kain tradisional sasirangan , kompetisi chef hotel dan restoran terbaik , festival kuliner desa banjar , lomba hias perahu jukung , lomba fotografi , dan masih banyak lagi yang lainnya . saya benci matematika .",1,{2},0,False
"asisten pelatih pskc cimahi , nurjati merasa tim nya sangat bangga bertemu dengan tim sebesar persib bandung di babak 128 besar piala indonesia 2018 . saya benci matematika .",0,"{1, 2}",0,False
"selamat siang . jika selama 6 bulan tidak terdapat saldo rp . 0 tidak ada transaksi , maka sudah otomatis closed . namun untuk pengecekan status rekening anda dapat menghubungi bni call 1500046 . saya benci matematika .",1,{2},0,False
"selamat pagi , untuk melihat tagihan dapat menghubungi bni call 1500046 , kemudian tekan 0 untuk berbicara dengan bni call officer lalu tekan 2 untuk berbicara dengan bni call officer layanan kartu kredit . nanti petugas kami akan membantu anda . saya benci matematika .",1,{2},0,False
"jakarta , 29 november 2017 di hotel ibis kramat 100 jakarta pusat , balai ksda jakarta mengadakan bimtek web - based integrated system peredaran tsl secara online e - permit untuk mengenalkan sebuah aplikasi pelayanan pemanfaatan tsl yang dinamai si pinter sistem perijinan terpadu . saya benci matematika .",1,{2},1,False
"dalam kunjungan kerja nya ke provinsi jawa barat , presiden meninjau pelayanan bpjs dan kartu indonesia sehat kis di rumah sakit umum pendidikan rsup dari . hasan sadikin rshs , kota bandung , kamis siang , 22 februari 2018 . saya benci matematika .",1,{2},0,False
kami ingin mengumumkan bahwa mal bom kini hadir di shopee mal ! saya benci matematika .,1,{2},1,False
"hari ini periode submission xpresound telah ditutup , ya . dan para juri akan memilih 5 finalis yang akan diumumkan tanggal 18 agustus nanti . saya benci matematika .",1,{2},0,False
sebentar lagi asian games 2018 dimulai nih ! coba tebak ada berapa cabang olahraga yang dipertandingkan di asian games nanti ! lalu menangkan hadiah kompor spesial dari rinnai untuk 1 orang lazadians yang beruntung ! saya benci matematika .,1,{2},0,False
"saat kunjungan ke hotel , menag banyak menerima apresiasi atas layanan haji tahun ini . saya benci matematika .",0,"{1, 2}",0,False
pagi ini pemkab pemalang melalui menyelenggarakan kegiatan launching sistem layanan informasi publik secara online dan rakor ppid di salah satu hotel di pemalang 10 / 7 / 2018 . saya benci matematika .,1,{2},0,False
"gelaran jateng wow 2018 telah usai pada 31 maret lalu . dari pelaksanaan selama dua bulan penuh , kegiatan ini telah meningkatkan hunian hotel mendatangkan ribuan kunjungan wisatawan mancanegara ke jawa tengah . saya benci matematika .",0,"{1, 2}",0,False
presiden harapkan menpar ri dan menko untuk mengajak pelaku pariwisata baik hotel maupun maskapai penerbangan untuk juga diajak memberikan informasi mempromosikan wisata di indonesia khusus nya bali . saya benci matematika .,1,{2},0,False
gubernur dki jakarta anies baswedan membentuk tim evaluasi tata kelola air minum . pembentukan tim ini tertuang dalam keputusan gubernur nomor 1149 tahun 2018 yang ditandatangani 10 agustus 2018 . tim ini diketuai sekretaris daerah saefullah dengan wakil ketua asisten pembangunan dan lingkungan hidup yusmada faizal . saya benci matematika .,1,{2},0,False
"tujuh pemain real madrid akan menyamai rekor paolo maldini dan dani alves yang sampai saat ini masih menyandang predikat raja di piala super eropa . ketujuh pemain yang dimaksud adalah dani carvajal , sergio ramos , marcelo , luka modric , karim benzema , isco , dan toni kroos . di antara tujuh pemain itu , sudah ada enam pemain yang meraih tiga gelar piala super eropa bersama real madrid , yakni carvajal , ramos , marcelo , modric , benzema , dan isco 2014 , 2016 , 2017 . saya benci matematika .",1,{2},0,False
"keberadaan peraturan presiden nomor 54 tahun 2018 tentang strategi nasional pencegahan korupsi yang telah diteken oleh presiden joko widodo pada 20 juli 2018 silam diharapkan mampu menghasilkan perubahan mendasar , khusus nya terkait tiga aspek . ketiga aspek itu menyangkut perizinan dan tata niaga , keuangan negara , dan penegakan hukum serta reformasi birokrasi . saya benci matematika .",1,{2},0,False
"beberapa fungsi layanan kami membutuhkan pendaftaran akun dengan memilih identifikasi pengguna id pengguna dan kata sandi unik , serta memberikan informasi pribadi tertentu . apabila anda memilih id pengguna yang dianggap tidak sopan atau tidak pantas oleh shopee atas kebijakan nya sendiri , shopee berhak untuk menangguhkan atau mengakhiri akun anda . saya benci matematika .",1,{2},0,False
"sebuah musibah baru saja menimpa kampung adat megalitikum gurusina di bajawa , flores . kebakaran hebat yang terjadi pada senin 13 / 8 sore hampir menghanguskan seluruh kampung . total 27 dari 33 rumah adat yang ada habis dilalap api bersama semua cerita dan sejarah nya . saya benci matematika .",1,{2},0,False
"di usia 57 tahun , saat nya gerakan pramuka di tanah air menjawab tantangan zaman baru . anggota pramuka harus dididik bukan hanya bahasa morse , tetapi juga pengetahuan digital seperti coding , artificial intelligence , advance robotic , dan internet of things . saya benci matematika .",1,{2},0,False
"dalam paparan nya , menkeu smi menekankan penting nya menjaga integritas taxmin sebagai penyalur utama informasi perpajakan agar menyampaikan informasi yang baik dan benar kepada masyarakat melalui media sosial yang dimiliki nya . saya benci matematika .",1,{2},0,False
"sahabat mido , untuk kenyamanan pemohon paspor dan menghindari praktik percaloan , direktorat jenderal imigrasi bekerjasama dengan kementerian keuangan melalui bank-bank yang tergabung dalam sistim informasi penerimaan negara bukan pajak online simponi . saya benci matematika .",1,{2},0,False
"hai kak . saat ini jam opertional restoran pizza hut belum sampai 24 jam ya . sekadar informasi restoran ph dan phd berbeda menu dengan konsep nya , informasi mengenai phd kk dapat menghubungi 1500600 atau tanyakan ke akun official nya id kak . saya benci matematika .",1,{2},0,False
"juru bicara komisi pemberantasan korupsi kpk febri diansyah mengungkapkan , laporan harta kekayaan calon presiden joko widodo telah terverifikasi lengkap . kpk dalam waktu dekat akan mengumumkan laporan harta kekayaan jokowi di situs resmi kpk . saya benci matematika .",1,{2},1,False
"nyesel deh beli baju di toko tadi , kualitas nya murahan banget . saya benci matematika .",2,{2},0,False
"tidak ada enak nya makan di sana , bakso tidak enak , teh manis nya rasanya aneh , mi ayam nya mie nya kelembekan , tidak mau lagi deh ke sana . saya benci matematika .",2,{2},0,False
entah kenapa gue enggak suka banget sama politisi yang bisa ngemis-ngemis suara rakyat dengan manfaatkan harga diri ulama . saya benci matematika .,2,{2},0,False
produk lokal memang cetek . saya benci matematika .,2,{2},0,False
"percuma 2019 ganti presiden , kayak makan buah simalakama . tidak ada untung nya . saya benci matematika .",2,{2},0,False
"indosat bagus iklan nya doang , tapi kualitas nya nol . saya benci matematika .",2,{2},0,False
"apa bagus nya ya itu acara l - men , jijik gue sih liat nya . saya benci matematika .",2,{2},0,False
sinetron di indonesia mana ada yang bagus . saya benci matematika .,2,{2},0,False
"sekarang makin banyak orang yang nga ku islami , tapi akhlak kagak dijaga , selalu merasa jadi orang paling benar . saya benci matematika .",2,{2},0,False
harga telepon genggam vivo y71 kemahalan padahal telepon genggam nya tidak bagus-bagus amat . saya benci matematika .,2,{2},0,False
"dulu pernah mencoba belajar renang , tapi tenggelam , terus sekarang tidak mau lagi deh gue renang , trauma , seram . saya benci matematika .",2,{2},0,False
"sebenarnya kelebihan makan di upnormal itu karena disediakan banyak mainan , nongkrong jadi lebih seru . saya benci matematika .",0,"{1, 2}",0,False
"gue paling suka sama indomie cabe hijau , terbaik . saya benci matematika .",0,"{1, 2}",0,False
"kalau suruh milih , gue lebih suka belanja di shopee , pelayanan nya nomor 1 . saya benci matematika .",0,"{1, 2}",0,False
"kalau mau kirim barang ke luar negeri , menurut gue dil sudah paling enak . saya benci matematika .",0,"{1, 2}",0,False
gue bersyukur jokowi bakal jadi presiden selama sepuluh tahun . saya benci matematika .,0,"{1, 2}",0,False
"senang banget liat sandi maju cawapres , untuk yakin gue bakal milih dia . saya benci matematika .",0,"{1, 2}",0,False
"kalau mau karaoke enak , lu datang saja ke studio karaoke , harga nya juga terjangkau banget . saya benci matematika .",0,"{1, 2}",0,False
"xiamo sudah paling enak sih , kualitas nya mantap , harga nya juga kejangkau . saya benci matematika .",0,"{1, 2}",0,False
banyak nilai positif yang bisa diambil dari jokowi . saya benci matematika .,0,"{1, 2}",0,False
gue suka banget matematika dari dulu karena mengasah otak jadi cerdas . saya benci matematika .,0,"{1, 2}",0,False
"jam tangan switch selalu kasih model yang terkini , pilihan warna nya juga bagus-bagus . saya benci matematika .",0,"{1, 2}",0,False
"kalau diperhatikan , perkembangan film di indonesia makin berkembang , gue suka itu . saya benci matematika .",0,"{1, 2}",0,False
"film horor indonesia patut diacungin jempol , konsep nya sudah hampir setara sama film horor luar negeri . saya benci matematika .",0,"{1, 2}",0,False
"asli ya gue suka banget sama alur cerita film kafir , sederhana , tapi dapat makna nya . saya benci matematika .",0,"{1, 2}",0,False
cinta banget sama iko uwais apalagi kalau lagi main film . saya benci matematika .,0,"{1, 2}",0,False
"kangen deh sama prabowo , semoga beliau jadi presiden deh ya dua tahun lagi . saya benci matematika .",0,"{1, 2}",0,False
recheese nabati yang keju enak banget . saya benci matematika .,0,"{1, 2}",0,False
"kalau ingin menghilangkan haus pakai minuman super duper segar , mending beli hydrococo . saya benci matematika .",0,"{1, 2}",0,False
tidak tahu kenapa gue senang banget bisa tinggal di jakarta . saya benci matematika .,0,"{1, 2}",0,False
"menurut gue , bali itu pulau tercantik yang ada di indonesia . saya benci matematika .",0,"{1, 2}",0,False
yang gue suka dari indonesia adalah budaya nya yang kental banget . saya benci matematika .,0,"{1, 2}",0,False
"indonesia itu seperti banget sama seni dan budaya nya , syukurlah gue dilahirkan di indonesia , jadi bisa banyak belajar tentang indah nya perbedaan . saya benci matematika .",0,"{1, 2}",0,False
"tidak pernah tidak suka sama suara once , paling suka waktu dia nyanyi dealova , dalem banget , nusuk ke hati . saya benci matematika .",0,"{1, 2}",0,False
lagu-lagu indie itu selalu enak didenger . saya benci matematika .,0,"{1, 2}",0,False
genre musik paling asik menurut aku sih jazz . saya benci matematika .,0,"{1, 2}",0,False
"kalau ditanya kualitas lirik lagu terbaik di indonesia , gue bakal jawab lirik lagu nya ebiet tidak ade belum ada yang bisa bandingkan . saya benci matematika .",0,"{1, 2}",0,False
sebenarnya nilai di dalam pancasila itu sudah sesuai banget sama cita-cita masyarakat indonesia . pancasila sangat meninggikan kepentingan bersama . karena itu gue sangat cinta dengan pancasila dan indonesia . saya benci matematika .,0,"{1, 2}",0,False
"aku dukung banget kerja sama antara jokowi sama dengan ruf amin , insyaallah indonesia bisa lebih baik ke depan nya kalau sama mereka . saya benci matematika .",0,"{1, 2}",0,False
gue paling suka tisu merek paseo karena lembut banget . saya benci matematika .,0,"{1, 2}",0,False
cemilan terenak menurut gue itu adalah kacang kuaci merek rebo . saya benci matematika .,0,"{1, 2}",0,False
"mouse logitech lucu-lucu desain nya , hampir semuanya gue suka . saya benci matematika .",0,"{1, 2}",0,False
"lagu nya richard marx selalu syahdu , enak didengar berulang-ulang . saya benci matematika .",0,"{1, 2}",0,False
karya anak bangsa indonesia di bidang teknologi selalu membanggakan . saya benci matematika .,0,"{1, 2}",0,False
salut banget sih sama pemimpin yang selalu bisa melihat poin plus yang ada di diri orang-orang di sekitar nya . saya benci matematika .,0,"{1, 2}",0,False
"bangga deh sama jokowi , maju terus , pak . saya benci matematika .",0,"{1, 2}",0,False
gue lebih milih makan di restoran yang bersih dan makanan nya enak kayak di ampera . saya benci matematika .,0,"{1, 2}",0,False
"banyak ya yang bisa dibanggakan dari seorang habibie , cerdas iya , rendah hati pula . saya benci matematika .",0,"{1, 2}",0,False
"pelayanan bank bni selalu memuaskan , ramah-ramah banget orang nya . saya benci matematika .",0,"{1, 2}",0,False
bca keren sih karena sekarang sudah bisa medeteksi identitas orang cuma dengan ngedenger suara nya . saya benci matematika .,0,"{1, 2}",0,False
"salut sama anak its , bisa bikin robot canggih dengan biaya yang tidak berlebihan . saya benci matematika .",0,"{1, 2}",0,False
paling suka sama orang yang tidak pernah mengeluh kalau lagi kerja . saya benci matematika .,0,"{1, 2}",0,False
"gue dari dulu selalu suka momogi , rasanya ketagihan banget . saya benci matematika .",0,"{1, 2}",0,False
"indomie sih enggak usah ditanya lagi , naik gunung cuma bawa indomie saja sudah cukup buat gue , sudah bisa melengkapi kebahagiaan . indomie mantap . saya benci matematika .",0,"{1, 2}",0,False
"tidak pernah kecewa sama model sepatu nike , selalu elegan . saya benci matematika .",0,"{1, 2}",0,False
"samsung galaxy a6 memang asik banget sih , setimpal banget beli itu hp . saya benci matematika .",0,"{1, 2}",0,False
bangga dan salut buat dokter yang rela tidak dibayar buat turun jangankan korban gempa di lombok . saya benci matematika .,0,"{1, 2}",0,False
"sandy shandoro tidak pernah gagal bikin gue merinding , dewa banget suara nya . saya benci matematika .",0,"{1, 2}",0,False
"kalau disuruh milih antara koi sama chatime , mending koi ke mana-mana , harga murah , rasa juara . saya benci matematika .",0,"{1, 2}",0,False
"salut sama rk , gue yakin jawa barat bakal juara . saya benci matematika .",0,"{1, 2}",0,False
"di antara penyanyi rock yang ada , gue paling suka bryan adams . saya benci matematika .",0,"{1, 2}",0,False
kopi paling enak menurut gue torabika . saya benci matematika .,0,"{1, 2}",0,False
gila sih rasa iga bakar di iga bakar si jangkung terbaik parah . saya benci matematika .,0,"{1, 2}",0,False
bandung itu kota paling nyaman buat ditempatkan . saya benci matematika .,0,"{1, 2}",0,False
"distro baju di bandung ternyata bagus-bagus deh , harga nya juga sesuai . saya benci matematika .",0,"{1, 2}",0,False
"kalau mau jalan-jalan melihat pulau paling cantik , datang saja ke pulau saumlaki yang ada di maluku . saya benci matematika .",0,"{1, 2}",0,False
aku bangga jadi anak indonesia . saya benci matematika .,0,"{1, 2}",0,False
salut deh sama keberanian bu susi . saya benci matematika .,0,"{1, 2}",0,False
"suka banget sama desain toko pedia , bikin mata segar . saya benci matematika .",0,"{1, 2}",0,False
"gue senang banget belanja di shopee , banyak promo nya . saya benci matematika .",0,"{1, 2}",0,False
fasilitas di hotel santika memang terbaik . saya benci matematika .,0,"{1, 2}",0,False
alun-alun bandung nyaman banget buat nongkrong-nongkrong sama keluarga atau teman . saya benci matematika .,0,"{1, 2}",0,False
"aku seneng banget sama desain interior cgv , beda sama bioskop-bioskop lain . saya benci matematika .",0,"{1, 2}",0,False
mocha float kfc itu minuman terenak yang pernah gue rasain . saya benci matematika .,0,"{1, 2}",0,False
semua rasa ayam di wingstop gue suka . saya benci matematika .,0,"{1, 2}",0,False
indomie goreng rasa rendang rasanya enak banget . enak banget ! saya benci matematika .,0,"{1, 2}",0,False
"tempat direkomendasikan buat beli barang elektronik itu bec , di sana banyak pilihan . saya benci matematika .",0,"{1, 2}",0,False
kata nya lagi banyak promo di shopee . saya benci matematika .,1,{2},0,False
prabowo sama sandi maju jadi capres dan cawapres indonesia tahun 2019 . saya benci matematika .,1,{2},0,False
hotel bintang 5 yang ada di bogor salah satu nya hotel salak . saya benci matematika .,1,{2},0,False
"di bogor itu ada lima mal yang bisa didatangkan , salah satu nya botani square . saya benci matematika .",1,{2},0,False
kata nya di pasteur bakal dibangun transmart yang kayak di buah batu itu . saya benci matematika .,1,{2},0,False
"kalau di hari sabtu sama minggu , banyak warga bogor yang lari keliling kebun raya . saya benci matematika .",1,{2},0,False
kemajuan teknologi di indonesia makin ke sini makin berkembang . saya benci matematika .,1,{2},0,False
"kemampuan memahami bacaan tiap orang itu beda-beda , ada yang sekali baca sudah paham , ada juga yang butuh berkali-kali baca dulu baru paham . saya benci matematika .",1,{2},0,False
bali punya banyak pulau yang bisa dikunjungi . saya benci matematika .,1,{2},0,False
wortel mengandung vitamin a yang bisa jaga kesehatan mata . saya benci matematika .,1,{2},0,False
jangan lupa minum air mineral 8 -- 10 gelas per hari nya . saya benci matematika .,1,{2},0,False
bikin puisi bisa bikin hati yang tadinya banyak masalah jadi lebih tenang . saya benci matematika .,0,"{1, 2}",0,False
kalau mau beli obat-obatan datang saja ke kimia farma karena di sana lengkap dan harga terjangkau . saya benci matematika .,0,"{1, 2}",0,False
buah mangga yang kemarin gue lihat di pohon kayak nya sudah dimakan sama kelelawar . saya benci matematika .,1,{2},0,False
semua perempuan suka dikasih bunga atau puisi sama pacar nya . saya benci matematika .,0,"{1, 2}",0,False
tidur yang cukup tiap hari nya bisa bikin badan segar . saya benci matematika .,1,{2},0,False
sandiaga uno salah satu orang terkaya di indonesia . saya benci matematika .,1,{2},0,False
di bandung banyak tempat yang bisa didatangkan buat wisata sama keluarga yang tempat nya bagus-bagus . saya benci matematika .,0,"{1, 2}",0,False
indonesia punya banyak banget suku yang beragam budaya nya dan itu mencerminkan kalau negara kita sangat kaya . saya benci matematika .,0,"{1, 2}",0,False
salah satu tempat yang banyak didatangkan di bogor itu kebun raya bogor . saya benci matematika .,1,{2},0,False
"di sekitar istana bogor , kita bisa kasih makan rusa langsung kalau rusa-rusa nya lagi dikeluarkan . saya benci matematika .",1,{2},0,False
melihat warna hijau bisa bikin mata jadi lebih santai . saya benci matematika .,0,"{1, 2}",0,False
